"encryptedG","encryptedH","publicKey"
"AAABgQCifOHE0lG3ifSLpbkukcNHw6Qi0FqvkJVz1YWCwGjuzUGXAmfkXxXLqCfrdZ4Vqmq9i/uF3Jb8mXAJyoaOBwxzIEazmK4SeBXaSUQQS9hmX5xSug1FU4t2NTQCKgcID1G3SWBbiIjy4T3OHTeePdHm1i9lNlznWgiyCD0p86LWd9atKDcE0/dVyIteSknOMaLBFpdk93nIAQMH2Yk01FqgtxOykMWoMogCZEdzZsuezCcMmVWcvq0Wrs5M6Vu/DTzzyshNvRYBDs3mZzbMdzXY30K1fqJKnJ0LCEaGlcRRZMMNYi4uHp5rfk2KxVuvrxO5so/zLzBsAz1Ef8MiIAQLN25koYwn3HAAhsmfPxqcNE6M+x1ZbQS8FiLiW1brkt7v2+Q/rWldRzMEkVqaNvgHgwSNFqYJSdAu5g28TF6oHl+ntk1ap18oeQuR1hEJR0CJBinQQPIJsekLwHBHH0oLsp7hMIP+aFP89C6gHEEQLeCYI43dsHotzMqCgwN7odkAAAGAWbrDW+azHLbN6rp6fyfWDhQPWu0hYOz3cs5mr//T/7vOg7fUG+ZEhjQLk+0qQ5gSSmRMaXXqTMmevZ4Kh6WfaZKNpdWrpYL7gqVtUYgLAX1+tR3EHOIPfhStgP/ve5buTCB+lF2xjrciG5fAoGxi7WGQqwfS01IHeDSoP1lhsXEywKhX+OVLRowuaz9+ns60urY+qz0X6uLXC3990B2WZfIQCQUVjuz2fzKNVLZHongVz7Qf1ygiMfKDH73cVHP5qHAG0vJ7WcWkYUH0sk+zGYUEV70TqTMxuWc394UahFzs4Avs4M80CKat+NVlSXRbbqeA+23mbh75ApnR3A6gVJtqdxL+Yq46UDzk4A2REfzbvofanhh9mxq7nPs6KhbUwwh8moBmaOQXIzlR3SKC1mLQ/5zhm0b/QUNHH3C/2+WCwKpzE8gzGLeBclY0GE550j8C23M4c/5E9rJy4qSizqTguw6VQkMOZIKlN72dBuU38hH7G2xc9dAcbWwYU0nO","AAABgQCgSDQbgKYV5pUgYm5M0HG6TNVp44tUgE+zdKRVPLpZqTPHys7OwHx3sYVw8gj+2nuVR2yea3URKdBxv4XQRE1veERRs0Q6SoyhpqNSd81FPRQY25ni+VGOXXKENKAWNOILgi1MCKxgHHxE44jSxVe0GkepdAbU5HS22AzDiMKkjyciI+lUedrzhaPrlydXkfkG0UlUinOCQF/bVlhEsXLyeUYRC3gklYqtxYmPv8sOGFqSlGi7WOHkFk+gX7cfdGlM9l/i9Cgi+CExcsZiQ9WwaAgixGn2rMnvxiF3D0lySInek9XWVdWO93vNQ7FCzLexcWggoQp/jEg6IWEyaGHk03kdH8E/U+hG31gkuoa1amcoml3ZMI8dMAX0LjZHn98RvvextounZoP+kLwNTtUx6CjrPKxqSV7zebW6th3ab9WafU2fLXdHppB65AwtL6LGTRqZp76EbMFFE5q1L7sX4XPxuCYkJtGLS9EtF4Dn5hOAf5Nx4KyicxZB2v3HZcIAAAGBAKvBwAGBwTEUu0Xqxp4fnI6c/tXB1cabEn8n1HMaQ/J0pl8J0Puwl2KR8hD8CnJcFsmYx0oVBqt/fAhvVAQ+jMWxssh5Rulqez/3oDtfkQuYFGC/9iARdy9mwmgDiSu9A1Ncb5cR3vdZ6796CBu11v9eJYWDwYvbmIxWsCxwp8p67bkb7wb+DR3fozM54kQQK3/8LJ8f3QbxwSibrrsmbCGfDi38nGTZH6BIlKOZIi6H1jhhICQBtSlnt082YIT7E1SZ7g78NdpJlWt7gwbRkJ5zx+nkjv9fQJ7yxUb+81IoI9u5mfEHhsqiA7QzegYRYMm9KYTK+M/tXx2hqAHqBCktfxvVwZWWmUoU7ViSOiMZ/sqL6GWIwQ7uX9ly83uRea5Wov7A4xIIWxIE/e55RmdANBaFaqfFjBQtMDkprOQYoYNQdBXZkqRFR6prc6BM94zBgHl4g+zC1qRgc5IpcVxsmAQRiS3DqXHScG2xRfk4K0ruui+4/wRdA3lNlf+K7w==","2774530512406404508117380311092480893852143438879379562415561569722787633293331916812103874834883871995646796949221664553863672186468874323346132001874768334180001420682105554070825072591212797471049415550283183679602506748911261620487492065523574343175127468797723904710055363639270298496783494413153494729490607410979408790439265191014100969331663410191003617207521325188339481144643668762935160785957771865690932729442094319816800415019915236607941792299991724782234575959271552378494841231684953745607771279370839573820411589837340130819047040008415681773047649996485592587307319362232973840097887683848844431595243182613928210095424533287281751204834260840717670241346119082245678099252419296892343515963889994840967569911591298701206876797567109452428057019045542289518257857265240595369646238321263257938599340068319335731052672446200038247608663031463700813065563487739205587955817629893148545907221610151235777573869"
"AAABgQCw4mbuswy//kAxGJS45Zl1MjuYhI1WPaBresXyJwhWsz2r0VYcrAIGdPHqa4MpW25RrSpy4uZVo2qiYbzcSfQnG6MBmHBVYryJJ0GPNH2ltzkPE75h57EZobladOrwso1MqLQkRM8XPxnnmfqC5mtecN6PpqVGxtLJhaGptsfUH+xz/ILxUa+DyaiWHA5x2amHSixHwlebTz9KL/aQYadEfmgjGIFRPLOgqEMruxWDrXDOQuWsM25YHbrgSpbcMq70wPWPg47xMVKpNXfiaWean7DDLOGZU/7cVDlUb+QVuZvlcZ0iFwPsQBuSSFTOjXa78UE59aQ8pZi+Tmt8aTxycBzG0b6ZinG49bAlvRDqpwr6bbNPh4zVP2/oSswyD9b9Lx8Zpqil2yLua/a/za3QKdW/CUK25ghGxsebcJ9+t2sW8bA4qVieQU9OSpGrixEtnsohK2qPgv+fjZ/XSw74o5BFaUxYysOfgt+gR4oWpDU6ZxO7nDQfMkU6RYFZnFkAAAGAHzVbJEmS665WZXw/VMauy3U93A9CMgVd7cIe18NDMxNJXgBkYAX3JbwrdtTmbpHR/rKwM4enrzpDTDCOuBPrmAIY2ErviJFfTnGM07rbhj85BqDpxTXAqFMeybPsjI3A3sNVyQcGOD4lyV0aVhyagLGJ3kEY4q+uflKW8YdVcaVUSQnGckjwI5lIcK9Pwss3nqyT2wf4BZdCDCPIus2AS0ZtU+9qDP/crLr3BJcZXHfeXx5QBVhGNF8iE7DfcT9H2sr38yZ3foyFyHo1mISKGRP5lGpmcoXswzCwMmsU1Bjy6ONMjG7C7r9Inl171wNhAQoHaaerTGrr7jdsIk4slc4+cnIG7b3EhHzamLy5xD8IBqxVTaty30LQyXzzTPHX5NhAZBAD2Hi0ztlSC7v6ZfMAoVWp7v7f+cRvViRijdSX5Vb3WYe3KER25gSu6wYIDpSSPyN0U48UlwHsSC6a2bpRb5UcdHvbRgSGMuDdfHql19A4zjkkXIqVJxZAwE+y","AAABgQCjJG4jKB1oXUkbYnk7mhfVemuP4BqFO3q3UlIC/qCtFMGJv+7EurSDudOSREmRkKTKx7Izho2oEXejoOh6PD5JH9MD1veuz/7EzkfH+BdRDSzjTJRcP9FKMCsZCUu4F+Q08nITGnKnbgG91lMF5h2q1R4eqT1lP+4QRvUWCHkRCVU9PXJG1lkCyO3mQq6psHe3SLSmsdKoRG5CFrjNzjkNPBAoPcXdZYsTc7yZhSxbtbqK85jRjf2mPMSUFfQl795YkYKl7La4MbiU4Fubqyg9c6ouymak3jzJGU/7iPe11aAar0aHnmulxDAy+u3Rn/EsyhoiG+UvAShnrptBq3BDunrOquR1FQ/k+tAg+6/6dpC7HRMAqGglo7IiB0a0gBJabHeQsBKYBB18qjyYCQGLBiXI/C71V9uVWFeCj4cDFUFl/C2Nmg3ymMqtUEnVIafOA1qyCWcnqtnhGyyvW+7aTeKtaB35u5gvjmlUFmPvURpoOdSbVGvty4Ny0lq8/GsAAAGAIIyITu8kIAXLR8SyE9h1YqpWl0iT4Zg6NYLdnL6+2x4o0p37bzy/Lud1NjBJ8z78IByRPERUtjNTc/PXBXFQTMrKdNw1KqRuVmKv3JZNVkiAVWZMzmSt6RLJ3e/Jd1NKlz4+Sa58aCRrdOUsJze6IsK/Z+rLp9bzMUmzE0HfIwkPUODn+OKgDKnp1WLgb15KBVww1XptIPjGc7BVD5IzjPgrW5jUbMGRYARmEZKl89fbxlqwQjC0HPhXX9qDtwsguWyNVQLbBD9l5MPW3Qno9FUgHvoToK/QyY66m24QeAK+m6vhEIXxzB+6JVJgt4/ZNQAYvCL6nN3jlw7bMHFt0qh3BSM4fmkGwzw4OQPjUzaaPbefI/aM8fV6xsWYh0Euce9ydQx62zgoAtZWFHEDSYz16fpQecK+uvztaLD3i7du25W71cid4ypu1eiOKGif0d4ynaH0ZB8iV34kRCrbGt5oXl9xEY+Z4gNoZJtObMmyIUElKVWVV7NYnBiX1Hs8","3743922876223939055434828400784481034189351934591906817742627492704602222077724490983341451319285302764116472084783139774851975360994743329529568420519826650761842037563172104992231665601802542289957072979293157958517617799311121785439112276931539037197378872431409785952679853184255575703486866184590757983176205784883455491622600708929513383819651927958091128411436733628027858688787461777098400327543990902538103629351150535946860993135561735803948212570497248341795205976541986617749938214879502165808843736756858307081319752157708133993122118683474309141828527842256614726544690650137669238037927998271319387918985089750553921921672627316186726376896178810035163987816617441573298206170886060145530790834317589753829629841693967769822226814268574276203542130067161807309900779836370432122073340005547372722754062150857214540274006732824994024128363467674579560340128763457774732545064533198422436673520214980656418032004"
"AAABgDyIB7aqq2Y1mn3lMZxMXzBu4P98+c+23mBwgz2G09XfuGbNo+R2fbWibfMwOvRdW7xUlITe5WWBkWLnhKanDb4EaAHyrbJL0DMGRZnA8bavMt/RYdJf8YQ/6Y9sCPdx5q8QGKqOAFMbKie4zrVT5ncxCE+KWOAuYQqGknDHIhPn15yAhb7eZvhstoucZPkkWPGz/W5r+LtbiayNBnidNC7/iN7lwsNLMmeQmVWRN+rCfGalpl7cwFKzOKK6IGfqcm5+Q03e/+iqSvMjnC0HI9T0lxcsakAyYj2yPWors4GnnNa88Itral56EDKlrvoeC9vWw3CJPGCIJ0MbS8kHkHefM/mWY9dQS18DWp3V8mSJdE1UxaEp5ahluCQASpYilYHYDVYVwjytB/hXrocW/RjT0qO0d/QiPjJDFR/gzMZUZT6J8v02bD5pHBkphG0zLuLqplh8NX79clf6SUQf/rEDDIh0VUNXsjNs4ndJGx6EV2BOuxEgKEvkeC/NI8RyhwAAAYA+4k0s0UB2W53+WfAHQxGl5O+aKszY72RrOw0f+CqIKSSSOE4QyZYKxQ4DM8IUrePBB97V+Wax6WQDG7UOlSotnQu71GoJhCL8uPQ8eC4yVZw+aDln+AbHyGCHOjlaih+KdcoGdhT2eyVmbW/10nFC4XOqLbsuf5/S2KdjEwelR3pBhBAtQYvfvPYmuJ73bblSwpAsPsTILW+cOtDGYQIfNYriCErX3qu/aMDsxhEArRKaEzNWWqW2AlfTn7tvhjpakhSOkwziFfJh8qNtLUnxukedST72IC3W8Aw74eMHiRvyh6uMtEt7QyH3yjaCMmg7UM0Nzk7LydLhnOShTt5A4Z7F7o7CFpVigk7LkKH+OkesW3Y3WWbgmP5gXaSoZKK932R0KWYWcsn+ODTFhpYcidHsqdWiJqH4nnvRrjUGJyQ2ns/fdDXUzAnPR7qLm/MW5l2bFq86sZcI5l3E16A+yq9w0Y2ui5OyFitUtlB36KaaBbMEYBmj6VR3xtSqCWQ=","AAABgHk0NuhVIuArz6zRhytMsZbwb7f0o0aXKK5gCxXzHOtUjaMBdH8tDU9YbEYjDxULOuVkZ0qENCO/gmnEa/H8Ns5H6tdt/WDaVigH/Dclc0qsxFoFa/raxmCTxHJQosASHrTbZIXpzyrAFVXEkSulkv9S2zc6jhoDfapATS+9Tgbnd0mqpTGq821zKFz3Rk10BAkg8utafmWB8oyz6Up25cWg4bc2wkHZkBEEnJZ7/VVwlTVFd0fAFkABTGvedViNOLNhyq7IK9DIpjsStI+4bEvVfBvWkn7Aann+X9G94Bj9f41UDzuxytyhFTqsJk7mrsEXc2Upo7j+XY7x/MzGB831GaaEnM5Vg0E7tA8NfCz19EqBVpEB8DX2jT8yXA8Xbho9Q5AeBDwsGIzFPdf1NWcgNrP8o9vBWdzZ3ye5nF1RwpKBdtIDR2U9yWIugm7scaCvK5/CQXGk3q8aNrLmhYFkz8F9gH0+MhJmpgMueGd0gRZ4NPUckAdJ2+7ZV97iywAAAYEAsc3cx8NA+YDd42o9kPhPgGokd3u8K9db30lfq5CXkGK/sRfMLFzsaI2IGYRwg3oqp94n0dRWRtvPenrAJfM363l7XUyo2TrZmXpbo18Js6pkTZdSpq4rHNLoB/+ZQX5zcFTAcJgbUiDVSYJS7cT0h7LDGh0q8yfZQaSlFKIq49+5cIcX6Wq20kse9JOS6R4KPGuN33k4QcpXecsIeN6NRfyg/Qs0mQC6ajLOAY8VqqzHKeKdVkFlN3W9zZNrtR/0A5FysKmob9TdjIFGS4MoAzhCtrLeewlLgISGBszPpAH9AXJ+1vHniyWOYUDD/MlEmNaqwvnpvwDdPraWobirlQXREHglz6BBt/5aFIvLPJJhMO+PbzvFHPZKR4ZlrR/TH1U9qfiCdgt4gpdFk8qzilOxYm/l7It0wG1DWx92n78WDcvG8qQ9Dyfj8GpHWEp3wHKK9yBf+rytj3lju7z+5hpGtjLsyLlHdXgrXfxbfy3jsbrE7fol2nbJCVb2BiEc","421291537589930989460741684261910236979869540374834128691078469043940849721241614143714997606139930227856432693324726800361827784491477426303423794854039349916132096424328393054133056984470560877799644151411105773719843950236485943032594960591166980717143286081991604478456547763403641511723654190946715655066289370120924725058559385908982701273343556993008820240448778373086501119723713937967370225199102328365132216363533112317895426079736495726746172248922970955921131016376638906558107129977119440124491908777461403419870477650944017507236797311656538493617859623758487136957068173117365721021750551813931467322649123451976627092302169207021851581487811035657238860657589051689904702576139148551171952860669695054742885795264438701716507640521394458494966059448206468268489078249311179499498206072104651027240217574317197187654081342216878274782758280572388597131309925319049579696858214425660539401683898333064874545366"
"AAABgFw9kDNheLFdLuq4265PzDROhxuTy/VDYIPJck0RX6jivdfvuygjtg+fcneGp8LuZKdC3/ytyGsKrZ/QzN4hOK2U+3nUU1LIE/CbYjTlFH0VKCZ41t8AYI70hMGb/HmoH8svxrPxz2KgVKrWMHX07+lNt7VSWBLIr2B5kaUT6WLdD10TWTOQfLXNAy0dA4ymQA4q1s9PKaMSxbtymKmWN092s8XwsInam2emfV0BVJvwT7pA0xGngabEu4O3goYqzuOlOghAbe/R6oCr24OoTPsqCrcOthqqQCwAGqwES/PD4IFAuiedgq6UfekcC1/hek4Jf+dweVJqYFxDP+lryiMJY4vYYbdsCCyULT2HJXUp24A2nT/AjbckzMIVVY4oeOC3yoP+Ua12pd07tGWs6UvsxApBmirRsvLkPW6kuUcSJQuf481lC05iNQ7ws8Gi2rGkw5Ez2v6kXQ8zhmzATzmpfPa8IiSuDOfj5uaI68xNT9erZdVeSv/pLMPXjEN4swAAAYEAiq8nYZF+6RHDUFUKfU638wnbIbmOUJNgRKLRoK/efMnTroWym8RltePX4aCkb4ZNuv5O7XO0Fn15fBLIVvYdKAclfbHvOpxX4izYXsEd9O+X1/FpCBszDLR4TeogabO8h7axJXjlloShcVD9xuZr0GXVoNMlLSahjNaKzP3FIXmllve+WcQ0DmXQRL2Q4FsT+CxzlbR7ToTRxIsYcKzVu5jaqzSYQO3say8gyAUIRCHHY3a5HJKCCax5joxUoGRpcv78UO5/4Yg+6ReRX/P+C9waxMXOAM7hLu5AO0xb9/4P3ku2z9aIpsjaEfQ9OPipx8lKAsRGCsflAgFWCKZx+Teb089SzGqpCnv69BscmEGp96/fGmTyYMn9KUPYdVfhD/iJCgjhbULXPBttAm8BYNNI0a0ZNTwQyLnnydejzatXD8rsjq/h0jbFB0gLefmpDM8oz/DldvZ7ShQ6E3bF1F2ov//FbmvMt96qXcgkj3SZo+V/eiOjweAJqLmYQiYd","AAABgDWDcbTYq1Z6YEWcM554tMYeETYIZhqcYHACuGqkRP8Mg1H6DX4xNQcytQdzZjVO1VzZP9+Alw4Znjzzmur37KIv/ebh76F5e/RLyX2fKbVTfKuqjB7cpWxI8iGwUrJMZYBSkHVSZQOTxwzZBzF5ZUu3GcuMQXyX3LLq8lDFTgPoSbnHToTQ9C8QCHbOfR8mztR2ijkGW92X+qflgyPhoJaCwGUv07hP4L+YmmVg5evjijPVomgpveOotfVD0G3pDD6L1HGPz0Gp0+nA13H4uQHUjO4i5FW5mqL+QpZoQ1SmECD05NeYt6b+MuoVZqB61P0Vo7puAb0TPqEJqfrym3YUAQqy0jhDHH0PQhO8AEkVDGMPrSRknDgfyZyQ5ny7RG+nIxrfWnSBio7tA+PhFsKTefVr8Gi2ibc9eJF21ZtjxxHY9Ij80hxe7OHsGWX7swJpUOuUK0KTEEhYMesTszzGaz91O3g97rCcBOLbFVJ3mgQ7jl8TXJ4mSUnJ8/vhNAAAAYAfKvX0qN5xv1jwbxWxTMfjQcXsXWzNkv7bJyBU5rejI66fJY8u7EkoVUwKKsKJUmp3Dkm/cFdPBJvKyiTwjJrqEeNCbp2Zqj5zOOajinEsHrxtEh2VSbavfkW68FP/7i3J3GR9rYBVkdYQHdrRre0nZ7f9ksbC6FSPfm/xRroiP/VMRpbL6gl5daVOuS5OPKtg9T2vNjHJqUHsT/pNHyLtYePjDVfRg5leDYhTaHYDWjO4tPK2dOQlyqEtethSVsat44oCLLM4qxFf6cZFF/SrAWPpndTRH25EPhw3ZTEOjp281zMRExQtQe1H2v0jRsB+TH5N6lGOzCvSyQTvrDoPWQJSbCfcI/jOmIPAzpKnrkthtgqQMJHiPgKilmoWXt1BZ6vDnz5fOrnYjYL0eJ/CKocl/KFOF1bSir6beaIyAxnIlRSHC9WmR353LuTQMEBsdJRzdyTwXFinFHmr31FGTeTZgJQBiqopkPKIxIftMbOOUbrqcMWpD+AKPee6vqc=","3765900584551668288957408464370845896368991215059985044485947360465787549255602106612378011330022863503450346196295218258650910900263182757900151179507364945467616012378230008232125578894781839278522825317372495222777602173879629702165773614807571603319481171838776303887712417782901892616107501627938739371295630868816844284216354667951666212110191235259242895465664762335053901660199105032077931188574856318957750318716452183318300181389980891669972066824827204233783094513221197655013303838625371348413670378340218423735579591374190009949437783777087065912417423775848088702620997664550983469289783016192213429265666205772438747651550347538079904289908982640626646585260123159516497908399840498515923639803189269955188960698999824403518811103027749209388422103578645272692995760643408531391171901580893986587201152163199375987270437605810216145452009588063413050331449207167050256336647314178137623993684000699482905436760"
"AAABgGWh7gPmd9b+U9Qze9pYdlXF+6Pda8rd1dJnIGpG4bY/2CfC8RWaRo853xooLrUxUvOAmcDrbHYy5HUgrfVZViHkjHRncPiHdlMOjSTh5eDWjBFa2qMK1rxGksk0Z6wX3zecCUyEka8pmPVIm/HqedY8T+/KhZxhTtTGlUE5eCEbFgH+UL+7VANVHBYGkH0sbfhApS9T1RMY368OMaNZayUiAHAZSltasOQyFGoOumv+1ucUxpafXAMG5ekxL0idaKqOf/0rRlY2Pdu40xBWeAScWmWqeev812WXlken2r4FdU0YwKMwfy9tSwMxI6wEH8WeDc7BITfGtEU/d4bKx/QCRk8iOt2DSHNuKrFkAVPcuMK1AE/Dgl6cpJX3ya1Yzx/trr/nAN06HQastP14azJkEpB9Buc/0YzKBKkg6g7VUyhq3G8Klotsha7wx7yMFzv4wu/rC0wx6Wb/y1ta2zRrNvnHYsWmVGGzb+Req8mOS36OVpwDxvLh5cBGvAfLzQAAAYANGtFNUh3SsCZO0K8d9flKSdx+wzKpfXppk5Oc396QjCKdl4GI5XHDRbbcvEfq7qn7aR2AHUZ2IXn4lpqwXawUcWFg5o+f9Gn0c59mtQqhI6wT6PY3XfQF3WFEGHxMDqk1maDfUL9PBWvP1PnxDexDY/elajyWq1JW8AkH/urOG7uKGKnb/QwtMe/FDdtsnGUU4wA3BcoxDieziomnj4HIXRyZGgztwefY8LfvNxSJ3CSPAlM/Qb/Vw+vFinVJ4zh14PsMTyZUPggd9MQZpQAoqE8AC1gLwyl7O3F6WudNIt8lUP9u5N9VC2uLbbE5QEK6SiHan+5qsrUY3OaUh6544NxYR7cFzLQYwp41qVOmPxhImHUN3CNx0qmQ40/O4A8e0AjUe1TgXqpJM2IXan8ufM/RMTwLq1dfaXg4i++4AwRshCRDubIoXd/+0Irdo2Niv/54oFY5U4R11Y38p3dg2x5QwrRuiIhi5mbyCX6CcVu8JdEDnUJqJFVw54o5Ors=","AAABgQCdYyWWCYxOTuhG+OcjrgwHY9KJMwERc+IjtsfXsAwwd/jS/Ky/A3mFHmLQdyI6mygl9Kh6kNiuINWji4LayFtt3a45cHcHnelOTYN0Ir+/l3yZ5PRFys6300sRyWf+qFUwy96Pd9xxKMJSkRjSBmw/hotWgXox43xtMhIDjtjfCX4OSZu1rNOv06ke6Ftt4137wlVdudeGtYj0IIvhhajsij4H2rKtrJzKYSzNpmjApMUKTn09PZRBgtWmhk8a2VoEDHnDnO1JC4X9nwYNv+wsJG83wG5eJGt6tfdTQbVrX/sjb6N1uN/l+F2FaAdnT/smzM62xxp3P9Vc8KTDvjcECOyq+9+0n4VXdhWeOgB5Vn4Or7ReJ2l3YQ4ODMTawxPnk/JS2FLSINwwwTl9buhO97nym4EDRUF2fkQLm7abSY8E4rF4YkCvtbc9e7Qd0quPJi7iX/kfd2nmQROFQ2ne5yg2LCCdYD32Ai+7j8/LpabQoW88nslCu63iIEMf9iAAAAGBAK6ZTF8wNMOva6JwIdt+8tNo1g2sKvlxaR/s2mc2sdsGqlENIA+MuC4inftOd6OG14Cqa6u+uchqtXeuCQvW/5szys+C2oGJ1R8vYYGtfEcgYQWjup7HUDA4CGxKsxCIQU0MRWtf6/aG6liUtjvzpPnEyXv3sTgN9tmj+wa9RCZ/0+dfwHf2zLE+GPK6afH5edTvDKkEvlGoIZguX0ga32gIT02ibF37BYJZOuV3+0TW0St1VzxaLmkVM+2EYRyvbdqMaDIUo76jPdAlifQKh9iVQq67YryaTeW//7+vjyRjtZuy4U3mnapjWpw8ITX7h3LEmHkFjSHWoWLrUG4n209lU6gguemxp7c8RSwlVzOf/husBSfUcc0vz5/QsLRIn71L2j7YO73B9axgDcwzoZkjPdEeChe9JEYsse54Fjhq1WkpOP/nRT2NEFkzZHrkT4naCsDT+QXYlPDOtg0edm+5dZxolezZZKh+pvzp4DMfXFQGXvOL8jt9uejOZQ56vQ==","3675288727680966869857887793972067264596685314980030560804912140773672620201244412111847112176928357671516896933033351593307596707414966876276991930874403625771690487635195228192755637634772669957061611977884378769932372958883353670247687152167643582281735083744149057779629525827564199979815402153611952927134812157069071966837718099752520422946711876011381285742649848934426473605444582995992944244718887091960587210616621451205325552602505318323759331780853489660679071006768160414584412601233070442986541360247764759715295733157762765651442367408693851329659661691834565142927780913483269541615967824090596933146110357613142634117348066356679333099101200123074328020050482088486100525016137483440997051019242687721975461487305794582868195436438128919905171322543942673217206128240204239076642328456612032117992336491077144554018144297175167148439600826090651530363884942782312612403946971153083638156850664326339051604803"
"AAABgCfhaQ8C2NFzje3CW52zfBL6OIae19ZSOfjo4s3z7FDssqewp/yPKln+i0uXpUnCedkq3GJr+soa1CK0UJuXo9nwzuoE6AD8xEgVTvAEjpss/kfWDKBF5V4BXuqfgynZ+Pf3uuiijE92B4Dtbi1e8gh7sh4mA3vN+0sNM9R/2EnuJrI4VathUz7TWvaeiw+oT+CwkoSKRqJyaKCwqIRWKMNcdlZ+9z8/6sO/T2rSyc3/iXmlwQGANqMZyJ5Zkx0+iTAz0iRFmE22RMg3lR0/dKHiHxOiRQOdNQYTpE8A0eMrALktuS6BkJRskPgD0M38HTtC7jb6dQ1KEVsFy2coADpLpvADVdsBYt03ca4zKNA2totEB1A3aYFZuw1f/tf7/Qda9VypON12WJDcRzWcnapn/NBZeEDqLCzBLIiG2SZxT0IDvatWpiEwZh5U1rASgngVJJQkZQExpts81uFMPa+z0MTsb5rUVJGrUmKGqQ2ng/KF/niJukwezTikPPOZVgAAAYAOw/iQs+KJHEO18XdHKfkQf0YdQ2GbVMDA2VScsacqcgu5Lc1Tvwow3NoHZ1FniGCd96t0GEuwU8GCCC7GvoxDxPY3k5NO70iNU2c1zOerra+/gqgXtq6Ob2DTbdSDM9JnNRYTYJYRsSv7Mg+oPvupzURUuYIzXtEE+g3i4pl6adSeMA9N2UajUvRfSTWZRzxE8neEXbI3iPfPmqRKrOCh8dDdh0oHLe/yhR0iTyhntP1rz1QR5hr2jNXSObMAWGuIPYvCs3V1zoGR85zZRll6rctVye2JVMo/KT7vHpHw1xikympmhlQ+RMCVlFke9U+VJtNhL4EZ0BcsPZukf86CEtOJrYvSFRsvUU7ioCuyKMp8wn8PD0AqoGKhCeB3nPU1uQj5Ina0z21spm5FeyV5CN1D6zH5nJp3YAJeXKJZf2itqONAjlcjHckN0fyqk2nQI3Fra4Ouj1YGRsxM0it+zj+IJvmrQl7DXORE5r56+rP4POgVuVEYOghjp0dI6L4=","AAABgEfgDsZGAigADxtcm71YaQP0GgrZJavGg7W33ESrnHNSrpvcgxhqkSp6vEu4PKBJlit+2EttXcdPLkbv/7gjZFyR4HGzDW0QsQezHPp8l96u4neloy84Y3HHtaTMCd7Yz6G4rJsorfJmaHGiiTfmMaU78L6y/JTVopvJGVVanV+r+VwxuowtnjEkYQDBJd3DCkKYUY+jT5TRVGpHzs+vJvptS0oUvzFcvS3Ppk8gSQRi0XyIc/ffYLz2YZPLjbv7Z2sAekyABHZXQ3YNMn80j2T59ba/ZYXpsm31cTMWq/wCPdX80qNGumfT7zJNlAbTW+JP25eiOb0L4Hy4qkCm/yr0A/XtFGPcn3MP+8gcKLwrwxfIJzjZgMyft2d4eoW8LaNXFTGC2f0lUWGTqtN5ZKNiMR9uLdjSD/2SWcssuSs3BQU/0ruK4+kxUZC/InO01uVrVZ5zFW5FoYPL1Wj06Oa5OLYimPArt4CgVVpCjEDz05+crBK0Sl8lDmIMvCTTdAAAAYBS6jj+fPFAKOHpzbpMHQnE0u7nCXYanFcLau/RQiCo+zLatrLpNPhH1C6tjbWvQG0sfCBj7PzMFYsrrAE1w0/opGaqbhcqtIwAM77+r5fPyo6wuviv//FW0vJ/BojwJhRBjEuu8tX7H/T9NWm8Jv2gEkV0GB2TjATeulhP9AE/fgObxhd/ZAyNP64u8ktrID7e+TtnNGNwSoR30bQfqKs4HOiUN2+/UVHWrf+GT35xdncQgOd52Kf9strP+U1Rhdww2JRGVACPZIUyjHHLW1ePMeje/cwaWHpaiiJw67jq5JaKJLqcuECCZVtcTWCKgAgOAA8e1CJwtODmsXu97HRYr97YJCL/IXphW/AAXKKxeWHYgMHUJ8+j2pW9O8i2FALtscSZ2i3lheFJiOzUzD45fbGZ8Q8rxDlSw+BYaRMhalbYVBNmaVaCMG987fkZKCSFH4WS2SpjA8M2mg/61lvcWEbuTWiN/jsBbJ4qv5Xzz80NH5iJUkUpgKswSfiTjIg=","3455817708283857230410645038847047200266554950887630731780079720520553467749383128742844877437904965344085912588197278993396072111006459565101433578720386180715589337274356794609547109058514886821998387731065237542322232286508722905689894115667356699992333526400050111243927674546397134749148885071019106847016925906964641800078934563671065592028954585953914146742113268542181952784920514995387553907389902704638343056884096004926687364131304986322209668004960799948011693806853411940313530007995972910455242483062683538525608804519321916605944694605852682505559963972466062092344458796579218916407648012543650723864908629458988146599184984087138895731192288178122087049008742259899254615387007323336418119905553407942072257021670077059456187794743968456180785797471488840316615209292492071436169527008466831346922203809614511639580848621854084231290801373543990706161571134187362340367705135411771465686349576082057509601694"
"AAABgGxDR3vCfUuYMkGnxLG7k0tSbnEWdzN1kxzV7z4z9Q81LWH+gJCLAwWd1swsotGOqDW+WBRXTbVeUDzx/1bjPMsz4lCAyHvJSRx0cj/0mjboqO7Ss2onrZFmiTabRSKjulbWNsLDK/08KPL5dRTm768Cc9+sDdIKF54NLZK3Qo2GvSkRXayJ226Ik1bylWQ67IBArkJCvuIa07jIstp89e+X+0XGCFcv0fpn9yW+VJDR5Hsgg+SMfiTbnp7SBbXmYcJQRbPuOaRon5Im8dHrvLvGpst5NTH88PqOF7SfKr8LBNKyvOz/B6/vBmvfu/EaYg/tcCbbeudx5xLJLVqmNvuXRWUaBCjUuSvH9Eqz/EWE0I0DDFSrfpYyAyLNHJiZVNJdwKOfUn7I4eSr0jTV2Muea0uHoowAzZynxasFSjJ/bvt4Wylke9MspRx12z4EZDAU3Dg3TZiHWBosXqjdSHBW+bS5p6aQRcX1cyvfN7IZoRxZsQKVRltvJzAm57V63wAAAYEAo3tCWi66VyyatFWBZ5kDnqYlhEHs6b6iSYdRy3iXRHs/3fPsECtAEPMIGc4GZPORSruJMqoz4o84tfDmbcpTvml6Qfvthmi2Nd++utiDwPpJlmYn1tQcKbOzaGr1U7t9zczGFx8ViwHwRQqF2AKrHAeSFyO0XNc8OLacMjuGLULCPfbSbWe/pLW5ft+b9nZKOsNz9Hi6jvuo7kzX6Dn8i9gzl+8JoY0EpT9+iabxu2IxGmr4TnRtsDJ8S25mzTDFiDwUv3jjb6MCnybEl07MH3bpliVaKrg3LIxprjdlZjhSuolFQ7ZMtEe162mx1XWzML7wmvtlHAf6M/LewrGodfMWOw9pFFf9xulgxrwB7dg5m/BdJU08UGubyLm1g+DNJpMjDuv7DVbeE2Y2MWruhV57dpvab60M1U8wRbbUP5yzlUA0IJqk05m9pAE7B4GDg1wqEcdKOhpx6OdlD1EEmesLvMn8vsFVPUMcbmRCVZlYMnK5QWnxMroZmAp0tusc","AAABgQChgdodfKYl4n3+A8I/IjsktdVs7Q1iETJu5bxYIL5h6cDFRkFQskhuvQEQ1FPM1PicKtkqj+mOg0Uex2MPhYIw26md4YiXbBOXjqyuRUIHZljzJ7hPy3jqbaZbbISguF7aKRVlXw91HaztWNd3KE6SMhR7CJWs555LDFiIwb05NrHcXEd06kFL6P+LxcvmndelQGZTmqMB0OW/EYtaHBIe6BhE9fgrnxoda8xX+h7/DfcNdaT5tJ6i3uKpYZRvAx4jrQyMtNY5eY/DyAwZP5Z5JHWXOuXe1SVxGH1D8kES3BsasOthHlwcGbEp2/7gXGwzBnAMGiJTKdCdCUQma1uoPxXiAm0f1rDhbt++9jqSG0YBmn3ika7lRNyrtXjLExCtnMDvI11JJpZaRMsvhd6DVniZYXVOsv1WcuurIsnDiIXenAQJeXaBehANux44VdcawuhXpxXPbzsr/Mf/bp6nV/S22vCZ5E2MqtOB7MQWZSYwRDJfxNUHokFg5WnVd64AAAGBAKkWwnuaUf3qRKVuKZhPOscnoVcaIHXvbKYmaoGOAaDC04iNMIin/5EN/jWYz7yTFmkeN/CD5q8F3gL+w1uI6VFztoY6lgnYSiFhPwuE2MRbWAknGLc4E8ZuWXh1HeJQ0ONLU0szsq1Pg7B0c7H36O8pCOUezmL96xysoSZf7NCZ5fQGr3My9dv2IU0J0Wi54meZo9eJIQa+MpOhxdWr8j+aetVf1MewpZGSVImmpvU1yQxEa/1SZAFJcAr/dlmSKwsJANqicEHPy/i7++EP0L0eLQCRIoFkzKbUWeKpbapvXQxpZ3e0L70OeetnxxQD07EObr650yo2IowmobyKrGZ+YQfU51GuTBMLhKLoAXFuLu/14TdAf7G5yJvhAyv+QAfAFBdlxF36fu6LaQ/d72uGuusC/JuPhCe/cM87tohB7K4QHi2wYddUhrB9vs65UB7EZ3aXdpHYrFZJB7oBQyZMq1oFosmIOQqsrESfBkAMeAoaQyCpvmAOCS2S4xcYWA==","2777650763066817617214221093565872792061146435279789699857478852417178006439325362796852096125580923241475477028961798195202574612996566407396465253050867723868381025531131171326900818877350856913398203141060522054274953421151237526380417402184774238297529219005683827947038044680934861987648693155953382933280593642326033739639467865303304223410048593264253873527827549454749838817829221533193164789189283095156367926401390344039643257613889480738573672781809955728249465659934704253633406063383425058145814698541053829734957941781271082471014235130385738320475289903716798711125631227790894856940516277087057283237177399769950940519586381628341758892565430161475972424732849474016466588721776982739654630529139393390632665146605700815547153459228912795844862281790874312750986197760276547028997050038383606377090048388633873327489243027054191078465936396480137749967309858743899678246897673992395967372775563571838124443949"
"AAABgA1iaRDHZNlLg0ysa5KCLAmobheljXhlWhK/WpPKNRu1EhaXni8nKkuFRK8OKyIIw9uAMvcgvsmOIqVZX3BY8U4DQGmflvm3r47AmOqhrM/ljhnk6hLCzvSwYtFR+euLqw1XZZbzrlP/ZEEfzhzjC7r78gOBJksf/ys1h6K1/RRlwJfnbnUkqXiQEsOo5aqkXiLvKYcZRYL2P8+wzk5l5vieMqZDiEAE9rUx878/sD33fXhxX8xEUaAah926Nm4SDka72gHc/QH4VfsSAIAvBI89a4EVjKzxg298VYc94Wy3mLWMG1kqEDx3Z27ipdlkPpC6YpB4e7l4CWAAZIcoEdmHgQDrSmXHCb6X1YsFVljGpP2SiF90IfxAjFX+HEoClMcCr44QtRNBUoxxnQfvD7hYYPOPhnriyOHeEjlb2PwRTG+04ucB59L8tTn4h485+HDaBwXiK8dagsYo1cnkID4+4wwmFXmJ2E5+F1hmygqvOUnEOvvCVznCHn4GQI9O5AAAAYEAhJVsXtIkRBkm/Vq+EMNK83OetPhJNHsTWngrwV2ocqWVM7wt1Wsd8lUgEd6x2xIpdxZZZC7yvRv4B8avnfQyFCsIhnifI7ytNGJtTVni99RGfCvqHEs4aTUQvH88Y8gr0/7LONCv4SJ33fBN88LSwEZqrqH2OT5ah7ulrEckjTp88X8YS1YmkeYvECLGJByL7kfd1BTUavDRPUn1NzsnvaN7zi3Sbj04ojtiAOYaCfVE5jk92etQfVCPxJPNNl73GN88hqOMNfGvS8p6ElyH3jDoab8qR3H6Z4yXuzgQnY0AYtPy7+SnY04Pym48Lt+73hzcJ+T+QbsqO3qQmJ5xKBpMU6Gl3hqIh1/pQdzWN/IvUO4pQV45fcFuTNSzHs1ZSCeMunw48nf+7n/q8Rw38f1+6C5HzWab6nBCwGH5l62YK4wuFK121Kd0EkYQ6eqDXgGjteiLIdztbjbkEoBLDdMq/eTp7rhDvKh2NsMJqaSzJatvXt3++IFjz+e5cPAQ","AAABgQCyLO8cZg5Ef87QX0wX5DuYNPt0ixhYhp4dDUcK5j10+BW7A+5wxPbb3wLpOREIPCSPbqbrGKDs652/Ko6KC3rkDQmoLuBE9wvEKhxIc5jYeSnHlVFWufQGbykJGkZaOpl11Uz2GEmeKdcZFOsCJ8bBna4gwC/p36bTOt5rWTRqgPJP9N817m6sNveskXrjxofVa5nEaCrSFKn7fvkNu5t6Gad8akdSnObQHzXIPrgeoQ8YaLJ981Fdr3oGX1KPu99Y5xytIVxyAcWL+KO53h6p0Pi8ShfGBACTEWNv5G1mpqXjOaTfsaS9uh68TJ5/MpspES02Vp7IMc3CG/BAGTzsRfOx8qWjipw/xgn2m3IkPVfQ7+YBDepPSDM9oK9tNHaLU3bSOzZDrC1rx2jG6r6A/NrvU1fzW2FQrm66/VoZRRMX2rvz9SG/lct5hOen7R0VB239rUx1kbfb25bb5mL4B7DupT/bF9VTX9JmEyOnk+H6pu8778dN7vtsHtINPpQAAAGAeYFzjTfn9G1Eirn6g44RXIBp/FaWFdVApIUZi/w0FuF6TldGpj9feJYSO1leekaeLbVm54qHBfUjjwvvArtZoyWIeAKscVq5G15MaV+v9ZSCuFAGhqbLrfOMVGSHILV1oGb/XoJJMSAB7MH9J4L4yEQjkz0XZNVuyxDH1PWgu3TE2HGUnJgCOFaixRf0h4s6LXFi+JX6KIYAGsiCw+jyvO7AGe2c3DUOkBAT0rrfgDw/xx9QbdM2eynL+WRExQw7p0i2+11LiAzYS9yB9BZCF1oLtXto724ZVHvJnTnWWhwPx62BROE6K/mgUoFHK778ajIimGueHh3Wi+GHb5+SwyLGj7zipE9+SRO7Gs0BEOPD86QyE1vKyMhSfZKviZAO6GPIArpSySSOmbXp8PN4SnpgZz+uM6d6IHxe0GN1bpeHRF2Yrg9pndIimrfzwKmIjyWHRjc/YXq96yyz9vNTaGDnab+9E5bxl40c5rI+DLv64Ft/qXxxF7BtSm5yNpk8","1698329846388165004285022614265344407224747225435416458475106692517864958985255801394155104702176285575038771721205354288952025473797408955107331213177326253361941902336024469256408360885692295294222549476592556076454078746872655408274706433951390155009089524077514263234302627750892863415631659345227886466835245446143507291888063850271253416875522038083279415064030855151170557249059259140707279842914751137160353062858778633798707429692008514486020946812846642621425732982560713782143072621308700199354298608115886516949697660959648877811175169522145516307679938333520560336679996306934191973106128317359765961187347905381442326545843415808798968120860257884294189761968320105608791207293195647945213681604536833068248768258970594680599286680762578295731639851087888702323525356182685543882129680904489642494400682043273924596421530396913981260742777913204542987923345053023213921178443820452932305047280451176556619457874"
"AAABgQColEo7+QqYcbO9iebGNZxyVmlnQamLK1XNu38tkxUC7gxp50DFZFKYJWXL6sA1vMFd8iJq4GvJ9XRPh8Bu3kEm9837FbzEWXHS7ALFpL96CFisGJt+D+IlhPipVlt1aF7UW+y94EKGBAulMWNa4YWRyrMqD4rFkrl/IOzsssBFJuG0tHA4OQh4sRl63NQ/3e0N/lfEF5MDHRPd4MaBst/jamKVS+0qE7ZSLqXEr9PVYwjPfd2glwqIqXaor1515KBsptjJAPl4zdK9o0twmNCfuHzWPnuLody6MvQMylWaMl4JORFdJTzesBKaQxlXZqCiDaSwmRocXD39sPSdPa+XQ4u2nDhCVcdIu43EmOgjP5QggTTlxmsdo1oRQkRs1ctg5HkIDdXsHPotdqDjZe0Gnx03St1k4k0J4etR2nT09uqbXo4lOW/gwqkhFmjpNwaj6WNHelDDYJa+7OF4c6Tqk8CcbRSoCxpi5h5MhLM2BqoHJSud+U709B0Kxd+xBXQAAAGATBMXe+AZsI+ZIlhjZnIzpwaChuPpYO0lVqUkMat6m4Bkrv0GTWgdezRjxCIIynFq3Bz1ERqbJob9X11axOC1NoMVbva9MCo6noqMHNpOdngHjEnDP81Uq7uB+KfZNy7cCzg8FagM4kyKDCB9zlzVxBOdakKagzUp1VK/QU8wYU2VJVzCahVaB37OXTZf54fyY1caBuKXKBBayj2rbS3W5NL5p8VAnuVMwDo4X/7PgyPXVdzeyjFCIt6Py24r5JcJXHgWf+1YTq6p8icDljaEUT73NMin82JKs1BVcI32wrGzyYJ6Y5WBO8UL32xq7PaCJa0jklPuVFZibfys306w7ef0jY24WPiM00sAuEcuAshVmtPGzUvXShIZeC9LihYExaVlsjQ7z9TULOoUs48ZVSiSzdMvwmkn+VF0rPpdcn/sgBnhKPze9u+N9Fvvm7PckIMXEvVxgsYTdyCAUltHNclDup/6GAskKQQ9QxYIh69imViiKHPEgcFXxGrN87Uh","AAABgFocnbhBPGk5JdGi1OeitzCzYrErXEq010OV+wKhzjb8BXxeBiO4dL8ZpuYEClG95MqlPJSaN83LDTGKsZTVXeLqMt3lSWqZ7NaHuZA90P1Te9tom3Yc2YvJOOFlWMKheKh9Mik6bQnXiNTC2rTren3Y4fklGX+ypK4MsyKwuQTIP3yi9lWYbjhTUmWYFD07tzqg90eJ4/J//RSE72ox3VhtxSeV6BxPBtmFuVjkjMllIq+jrKwYZoOQihP8SFn4zmaqzq1ns2qo+71k8OrXl9S6dyTMwx5ALShU1TOU1ALfzRFTBUb3HfU5PDzjt5ynR4XfTeROC7mmK0/ccc/BlDjIHSo68Q3mQqUffRkWtA6skvACMdzkWTpCgEfglaE4QH7ghgp3mXPL8OTkpcH+bJtYv2lrMagpbnUnsZeICWacC5mO+4hHJUWkS89WWxaDq6Isw8MzNmN1q6T4B77leAcFr8t8/b1u71EwBJgAMQfFhfnoKmDhyZ1zmfz8mZswLwAAAYBUi2+5NZNOuW4NjEzroiyOtMsnOGqs1Hfh4yPGeuHIhvOB1fwf5FIK+AVLhOf3Zti+wlfimwz8kNwOCy0HIi853gCKA0NbbTpslJYvpa0fogl/XdxCFNT36qt/6IgY3bakxw4hP/bJkUFQdSjpYzeEheWLuX9nLhPzFINuhnwJM6UaJLor9+p+B2yOY5B0x/bw3GPBy8wf2jbMmzahC1dL9UFeZntqbS8VuzLnvkrPAV/ZpE+Am/ox+Os/oc3XeovqdVEK7v1yhWy2X9SGANwiJtDRNkOdAJkaZiFSY77QiUOZRKf9JKOwaT9sHoIkT/WXSdWtoShhv/SLMaONtvn/jSxtujHWno00RF9Jm++ZwRIQK4wYxq8arsMj9YfRx5e5JqWA3Y4r3oy4DNBsgjki4Tp4ZH3N6vo6Vsh/z+JTmVTKcWaV5+H8qjA1BC1GtVG3a42nhZHosDbiw5Zhz8wW212U723aEcD1wWQaE/oUO/Li/9EHYps/6qjrhYpQLXI=","1838423053233780563263506677311371557393660695486546141520966318762487040487086609576276948419719942728763288201752613262184049430518256079275273599375006685068809905572165180001674368518999853980200806634265152087770565964380266548110859950519804014871507183430014546608288831574319219711740685583489884816619132109699691956717871329894515390975065064020257322317968533203103469376234106368753382303449902581107409898641773767611348216581085232066416023399522149643601176492235135776658096876057796577658486271715723663949840015794769555633136156466693678337719361201484717509553743466860548664798900072518994182678363561145631942222699127500524982531338675696335903456936599868698440054161266091555871008772638386006144874417494500827883573472386774439159202674894933043781950112310031899658294451018914559899059841769343751005488542595845095822920487156682786976769863229700282748164392505954266598039902758958500887210697"
"AAABgHDKfmqp3hYHfVU18gez0Ced8fdV78LYizpyfwY2waQvrZZb6Y/sHfaU/2d8cXyn1Qa9gRdtDzQeAapYSudDUiV8N+vCjSJ3zdysQNuImFsg1kogMixNLcdg8eyHh+oX6Q2atDO2QZW3VEpgib3r3aX0mZcW4IAdFoiIQHuhDuwOL9IhrB7/AXXlZZK8sYR/CDWT9tcTAnTj6UoaIIQhQkuUaa4o0cTQcZhaHjUk/38MIeS2iYom9MfaseZrpwiVyOzciMhKajTXqIA+iIKGI8aflLpG8AR4aypOONfzfs0iwxf5jKhkbTRj0VjCL6xV9fdWAjKHM5TPPMAo8a0rEYK3t3OXy1ihYG01ex4bjyWz/HL+EIN6mdIf6TVmB1Jo9G3adarYoRnLiS/TkVp49dxFzgNvUbxmka0yIuABOuT7iRJN67GSLDskWrW/ju1MKI8pwLuMGtPyvVF5bGY6T6ZbqRgOkl0weAUR/3pG5nMU+Wf1a+uFS9YzRMhxPHqLswAAAYAsxBHUpGIuNrnTDBEOcQ5uDV1lVlidcLyKBAoH9FjsD2YlTt3ixPcGk6f66JCRx5yv72vouBRPgHmXjj4FDBjQB5RRtQ7hBLMKjysZUjLVeEUt1bvdPe1yRKRxNRLVlYWUx6DLN3Azbfj7ZZNjebS06IrtDzyFAa40z45BRCctZfVRfux/VutZEWzwEB9h4ekM79x1TGDT5bD5Wg63lmaG3H2acOkref9LBthhUyx8s0HnztbNV53qYuDEKL0yqRQFiq6S7hWv+wYftFqTn4m6WHlFbsfeGGEGm27EFUHzGgyQxrLyAMwh4gvTZuaG1mwl1loOTg4UooLH3wZ/CUqzfz+hGrHhZXaZx6hO1ZvrZn6OefaBAk5sW9CW5c08d5t9LAXZcC2FOrSuBlZxjeX1xGzxxKpXSqHajrEXcOSdS6vLoGVU/vBh5XCqv7hCFFAcQQBpHlo9tGVILq+kMWv3Wef5TcKKaTwNM7hmcKi//zD5UDyBs+jhFokBNRBugLM=","AAABgHIpwKWHWrVTD4QyyI7Obd+MZnCqbFXIL5kPqOGT6WrZcreNCZ8D4ljrR7j0j2FF8EyadrGTiO9HwR5PxPBmpbFiQh4/mBDtM0ukljM0SJETmEmmXkfAMIATYlDiMGw4JiE+GShBR+RItMp5shXrDj8UutfB4v69YOQgqogfUJsAoZRXUKuqVIPv5+iZVenKirHNjcPQczCJqiOeRHAp7O3Nu8t3FzI5Yla0P2ZRG3vo27u/3rjQ9G7OgNGN0DlSow9nm+agVIdO6F0MX2oGWxiI0rFeCj940d1YjViJddU0BGg47cZCq+xuAZb4LVI81d+qshoGUwLcStZN4CAKJPYVUEtxfTBdKRg+lnzY673fqHN+4Ik/csrtxjp999BH6fnBQDykknpO7VV8f1fiGkyUb6zfur+kA2fhe6QvZMlu1lCUxXL9Te8pV/cW2/s5sZweUKoomZpIzQkOWHZV97GSxuaOo6HUMbFf9vS7tD4rih/MYMUKb/vitg5PRqiu7wAAAYBZF+yGC5/d7+OhVKa3yNOEMIcdP7q2ww/bPTOC2+eAqKKkVG+DR54obq0byc1a7QakELwNWgFeboOlpSBIb6uxySmGHjXuXHClmjSPpXyxEmGx49tgjm9LIpzjuFcDAEQaVBDNA+IWyVRZtQK0bZ1MbUYKRpKbavsb7K4lIR2/R9hFkKcG27Sf1oVakUCm8hbxKMkABKGyV3B8Qkj7O3bKjwmMMUrlqctP7YahM5qF/KiZMQb8w0HOAyxeM6ro45L3FwzA4Ig30g6WuBCTrfZHH5EH25KP7lQ0V3kF9yuWAX5NExfEu6Owi1gy9sCQZGC5VgPwllWZLj3IyR+Tvh/tKgg668fBz8bS5+xP5Kzbl0AzcYvaVqz83y7WHYA2ww5gbqeDDUABny8s57xybNv26WBSHbknWJQObh3pfP9EzVlYOP9uxyxm9dXiAJlEqpUR6FPdlQuEYw4APlOFoLSZkCzIjtiWGWoeIlwOEuaZzRqO8uQ+7ZTQXadO/O5AuEs=","3899227475341099723113278841996290339891202936026197525163935178772082464178130153082423595553623545178583759732854180990969545126987030385881661611685063833970541986165779037775660696797481597536338408448606702523961218366136650124689061666118326170132082436130017705537965078044852937127721846376283316237129798971904690243276928801547962812872739097889891239081676527531588098374865179695884643770577116760608605844801373558399495431362998465826246353377341375222383760525334459194650737367435020405430505891444196951310644271544562496852367035501721566156236401789995014893551821054121873825200731634936715664543155305553598356636973892168423250648156622199255152058060497600135818198607961156785901214351481514180683558422980059902843902895858418395713388897247478657119937404807745590527252801426458212203658436846934484428572189139600471155284788028447193830911895600400256212590959486362614881950813478283214207737537"
